identifier	note
R23FFF11A	MNXR01, exchange protons
R73FE6BA	MNXR01, exchange protons
R6A7FDE5A	MNXR01, exchange protons
R4EBFC9FA	MNXR01, exchange protons
R5547336	MNXR01, exchange protons
RA5B1C3F8	MNXR01, exchange protons
R71EBDD10	MNXR01, exchange protons
R40895915	exchange with BOUNDARY
R482B271C	exchange with BOUNDARY
R4FB50D1B	exchange with BOUNDARY
RB7184D2D	exchange with BOUNDARY
RC5E917AD	exchange with BOUNDARY
R47177312	exchange with BOUNDARY
R596FDB0E	exchange with BOUNDARY
RA65CB13F	exchange with BOUNDARY
RAEFECF36	exchange with BOUNDARY
R1B68F2C3	exchange with BOUNDARY
R247CAC7E	exchange with BOUNDARY
R2B1983B3	exchange with BOUNDARY
R3458E2CC	exchange with BOUNDARY
R34A0A2DF	exchange with BOUNDARY
R3BC58D12	exchange with BOUNDARY
R4A1643D3	exchange with BOUNDARY
R4B5145FC	exchange with BOUNDARY
R4B7CFCA	exchange with BOUNDARY
R652653DC	exchange with BOUNDARY
R6A256074	exchange with BOUNDARY
R6A437C11	exchange with BOUNDARY
R7A6732A3	exchange with BOUNDARY
R7A9F72B0	exchange with BOUNDARY
R86CE0844	exchange with BOUNDARY
R88BE451A	exchange with BOUNDARY
R97AD40D9	exchange with BOUNDARY
RA6637795	exchange with BOUNDARY
RA7BA2DCC	exchange with BOUNDARY
RA8B91E64	exchange with BOUNDARY
RB8030CA0	exchange with BOUNDARY
RB9707256	exchange with BOUNDARY
RC64DADBF	exchange with BOUNDARY
RC794F7E6	exchange with BOUNDARY
RC85BFC84	exchange with BOUNDARY
RC9D0C261	exchange with BOUNDARY
RD99290B6	exchange with BOUNDARY
RE7398837	exchange with BOUNDARY
RE985FDA3	exchange with BOUNDARY
RF63CDCCF	exchange with BOUNDARY
R241AB01B	exchange with BOUNDARY
R250FD288	exchange with BOUNDARY
R35B5C04C	exchange with BOUNDARY
R3EB82791	exchange with BOUNDARY
R458B2C0D	exchange with BOUNDARY
R4A881FA5	exchange with BOUNDARY
R555722AC	exchange with BOUNDARY
R5B8D4B5D	exchange with BOUNDARY
R65404FB9	exchange with BOUNDARY
R6B3002E7	exchange with BOUNDARY
R6BFC3A2D	exchange with BOUNDARY
R7AF96ED5	exchange with BOUNDARY
R818D09ED	exchange with BOUNDARY
R8717521D	exchange with BOUNDARY
R87714E78	exchange with BOUNDARY
RA7DC31A9	exchange with BOUNDARY
RB86510C5	exchange with BOUNDARY
RC94E9E17	exchange with BOUNDARY
RD6F7BF7B	exchange with BOUNDARY
RE6E0D26E	exchange with BOUNDARY
RE7F5B0FD	exchange with BOUNDARY
RF93FEF67	exchange with BOUNDARY
R11E7A7D3	exchange with BOUNDARY
R12836BD8	exchange with BOUNDARY
R1453FFD0	exchange with BOUNDARY
R1464A1B3	exchange with BOUNDARY
R15E82E07	exchange with BOUNDARY
R1695EE12	exchange with BOUNDARY
R16FE148B	exchange with BOUNDARY
R182DD96A	exchange with BOUNDARY
R19A156DE	exchange with BOUNDARY
R1A961BCB	exchange with BOUNDARY
R1AC59AD5	exchange with BOUNDARY
R1BD7932C	exchange with BOUNDARY
R1D998169	exchange with BOUNDARY
R1DB7D314	exchange with BOUNDARY
R1EB3D7ED	exchange with BOUNDARY
R1EF9F205	exchange with BOUNDARY
R2020016A	exchange with BOUNDARY
R20362890	exchange with BOUNDARY
R22B591B6	exchange with BOUNDARY
R2352E49B	exchange with BOUNDARY
R265735B	exchange with BOUNDARY
R268D4601	exchange with BOUNDARY
R2701C9B5	exchange with BOUNDARY
R2717E04F	exchange with BOUNDARY
R2870D99D	exchange with BOUNDARY
R2A7BCF0C	exchange with BOUNDARY
R2C7F5049	exchange with BOUNDARY
R2CF7FFFE	exchange with BOUNDARY
R2DC4819E	exchange with BOUNDARY
R2F02905C	exchange with BOUNDARY
R2F2CC221	exchange with BOUNDARY
R310F3EB9	exchange with BOUNDARY
R325813B6	exchange with BOUNDARY
R352EE510	exchange with BOUNDARY
R36532505	exchange with BOUNDARY
R37DFAAB1	exchange with BOUNDARY
R38B89363	exchange with BOUNDARY
R38C54000	exchange with BOUNDARY
R3922352D	exchange with BOUNDARY
R3A5FF538	exchange with BOUNDARY
R3D3B9503	exchange with BOUNDARY
R3E7E2E91	exchange with BOUNDARY
R3FE488DF	exchange with BOUNDARY
R40E7D3E7	exchange with BOUNDARY
R410F832E	exchange with BOUNDARY
R4903FF23	exchange with BOUNDARY
R4C83430	exchange with BOUNDARY
R4D0C76F7	exchange with BOUNDARY
R4D3B2894	exchange with BOUNDARY
R4D68A98A	exchange with BOUNDARY
R4E08DAE6	exchange with BOUNDARY
R4E117E10	exchange with BOUNDARY
R4E1A4C7B	exchange with BOUNDARY
R4E5B5BF8	exchange with BOUNDARY
R4E679F18	exchange with BOUNDARY
R4E71B6E2	exchange with BOUNDARY
R507C1807	exchange with BOUNDARY
R51A316AD	exchange with BOUNDARY
R51C8EC34	exchange with BOUNDARY
R5444CFB0	exchange with BOUNDARY
R544BB84	exchange with BOUNDARY
R559BC11A	exchange with BOUNDARY
R55C84004	exchange with BOUNDARY
R55D14C1A	exchange with BOUNDARY
R570E51C6	exchange with BOUNDARY
R572003BB	exchange with BOUNDARY
R59B666BE	exchange with BOUNDARY
R5EC42F7F	exchange with BOUNDARY
R5F48A0CB	exchange with BOUNDARY
R6045C78D	exchange with BOUNDARY
R604AE269	exchange with BOUNDARY
R60EC1FA3	exchange with BOUNDARY
R632E2E62	exchange with BOUNDARY
R6419CF47	exchange with BOUNDARY
R65DA4EC	exchange with BOUNDARY
R669A7661	exchange with BOUNDARY
R66A20DE6	exchange with BOUNDARY
R677D034C	exchange with BOUNDARY
R6867E9FD	exchange with BOUNDARY
R69DC382A	exchange with BOUNDARY
R69EB6649	exchange with BOUNDARY
R6A42AD11	exchange with BOUNDARY
R6AA1F83F	exchange with BOUNDARY
R6DD3B1FE	exchange with BOUNDARY
R6E6C535C	exchange with BOUNDARY
R6F3BF241	exchange with BOUNDARY
R6F462122	exchange with BOUNDARY
R727CC2D2	exchange with BOUNDARY
R748204A7	exchange with BOUNDARY
R77B549B2	exchange with BOUNDARY
R77C89AD1	exchange with BOUNDARY
R7935054D	exchange with BOUNDARY
R7A097A33	exchange with BOUNDARY
R7A1461A2	exchange with BOUNDARY
R7A3A33DF	exchange with BOUNDARY
R7A51C946	exchange with BOUNDARY
R7C815D4E	exchange with BOUNDARY
R7D0DD2FA	exchange with BOUNDARY
R7D857D4D	exchange with BOUNDARY
R7E691EF1	exchange with BOUNDARY
R7F7432EC	exchange with BOUNDARY
R826A6402	exchange with BOUNDARY
R8778C1CB	exchange with BOUNDARY
R88817E54	exchange with BOUNDARY
R8A14EE88	exchange with BOUNDARY
R8BE5B25F	exchange with BOUNDARY
R900FC5A7	exchange with BOUNDARY
R91834A13	exchange with BOUNDARY
R91B41470	exchange with BOUNDARY
R92AD0B18	exchange with BOUNDARY
R93455BD1	exchange with BOUNDARY
R93A9D3E	exchange with BOUNDARY
R944AC173	exchange with BOUNDARY
R972AB21F	exchange with BOUNDARY
R973316E9	exchange with BOUNDARY
R9C5FB160	exchange with BOUNDARY
R9E99A0A2	exchange with BOUNDARY
R9F152F16	exchange with BOUNDARY
RA332B63C	exchange with BOUNDARY
RA336095B	exchange with BOUNDARY
RA444409A	exchange with BOUNDARY
RA46A12E7	exchange with BOUNDARY
RA4A715B4	exchange with BOUNDARY
RA6825158	exchange with BOUNDARY
RA6B50F3B	exchange with BOUNDARY
RA70EDEEC	exchange with BOUNDARY
RA7730D8F	exchange with BOUNDARY
RA814345D	exchange with BOUNDARY
RA8236A3E	exchange with BOUNDARY
RA9CB3AF7	exchange with BOUNDARY
RAB5EAA2B	exchange with BOUNDARY
RAB70F856	exchange with BOUNDARY
RAEC4A055	exchange with BOUNDARY
RAF482FE1	exchange with BOUNDARY
RB2214D0F	exchange with BOUNDARY
RB264E5EB	exchange with BOUNDARY
RB34E9795	exchange with BOUNDARY
RB4B471E3	exchange with BOUNDARY
RB4DF8B7A	exchange with BOUNDARY
RB4F1D907	exchange with BOUNDARY
RB55304CE	exchange with BOUNDARY
RB8DC7EA3	exchange with BOUNDARY
RB9037009	exchange with BOUNDARY
RBA67BC02	exchange with BOUNDARY
RBB92418	exchange with BOUNDARY
RBD2DE81	exchange with BOUNDARY
RC2452FE5	exchange with BOUNDARY
RC553B959	exchange with BOUNDARY
RC78CA485	exchange with BOUNDARY
RC7C23E0A	exchange with BOUNDARY
RC96712E3	exchange with BOUNDARY
RCA09740	exchange with BOUNDARY
RCDD4423	exchange with BOUNDARY
RCE3B095F	exchange with BOUNDARY
RCFD35996	exchange with BOUNDARY
RD76ABC06	exchange with BOUNDARY
RD85E04CA	exchange with BOUNDARY
RD9625F4E	exchange with BOUNDARY
RD997239A	exchange with BOUNDARY
RDA811916	exchange with BOUNDARY
RDB7F6025	exchange with BOUNDARY
RDCABD42E	exchange with BOUNDARY
RDDEA5CC9	exchange with BOUNDARY
RDF021F76	exchange with BOUNDARY
RDF7FCC15	exchange with BOUNDARY
RE2ADB68F	exchange with BOUNDARY
RE6C6E026	exchange with BOUNDARY
RE98F8B89	exchange with BOUNDARY
REAEB4782	exchange with BOUNDARY
REB499A4B	exchange with BOUNDARY
REC3BD38A	exchange with BOUNDARY
REC502913	exchange with BOUNDARY
RED990E43	exchange with BOUNDARY
REDB75C3E	exchange with BOUNDARY
REDDCA6A7	exchange with BOUNDARY
REF49367B	exchange with BOUNDARY
RF09B9634	exchange with BOUNDARY
RF2182F12	exchange with BOUNDARY
RF2367D6F	exchange with BOUNDARY
RF3BAF2DB	exchange with BOUNDARY
RF3FF5A3F	exchange with BOUNDARY
RF4A34183	exchange with BOUNDARY
RF4C8BB1A	exchange with BOUNDARY
RF4DE92E0	exchange with BOUNDARY
RF87B9AF3	exchange with BOUNDARY
RF9144069	exchange with BOUNDARY
RFBD251AB	exchange with BOUNDARY
RFE5157CB	exchange with BOUNDARY
R15DF7064	exchange with BOUNDARY
R1B491561	exchange with BOUNDARY
R1C4DEAE8	exchange with BOUNDARY
R25827093	exchange with BOUNDARY
R2C80D5C	exchange with BOUNDARY
R2CDF141F	exchange with BOUNDARY
R322274C4	exchange with BOUNDARY
R3E15D408	exchange with BOUNDARY
R429B7A20	exchange with BOUNDARY
R48E37591	exchange with BOUNDARY
R4DD39C35	exchange with BOUNDARY
R5D8EB109	exchange with BOUNDARY
R6716F9D5	exchange with BOUNDARY
R7BB6BC6B	exchange with BOUNDARY
R82521F85	exchange with BOUNDARY
R8FDD65E8	exchange with BOUNDARY
RB5C1501	exchange with BOUNDARY
RB6199AB8	exchange with BOUNDARY
RC121E3EE	exchange with BOUNDARY
RD5ACADC4	exchange with BOUNDARY
RE47D2287	exchange with BOUNDARY
REB67C836	exchange with BOUNDARY
REEFDC248	exchange with BOUNDARY
RF382895C	exchange with BOUNDARY
RFCA0186A	exchange with BOUNDARY
RFE6609A8	exchange with BOUNDARY
R10E848C1	exchange with BOUNDARY
R11A3BDE3	exchange with BOUNDARY
R141AC260	exchange with BOUNDARY
R156BB441	exchange with BOUNDARY
R1645F533	exchange with BOUNDARY
R175C8853	exchange with BOUNDARY
R1896EA14	exchange with BOUNDARY
R1ACEB8B	exchange with BOUNDARY
R1B75B0A3	exchange with BOUNDARY
R1CC0A41B	exchange with BOUNDARY
R1E5A8193	exchange with BOUNDARY
R1EAD1955	exchange with BOUNDARY
R21326CB3	exchange with BOUNDARY
R225D1FEB	exchange with BOUNDARY
R2360D9FA	exchange with BOUNDARY
R23E534C0	exchange with BOUNDARY
R244A4724	exchange with BOUNDARY
R24502078	exchange with BOUNDARY
R25288B6D	exchange with BOUNDARY
R25BEC5DE	exchange with BOUNDARY
R26359428	exchange with BOUNDARY
R278B025	exchange with BOUNDARY
R29CEC47E	exchange with BOUNDARY
R2BFE06AF	exchange with BOUNDARY
R2D08EE2B	exchange with BOUNDARY
R2D3BB01C	exchange with BOUNDARY
R2E10638B	exchange with BOUNDARY
R2E37C8C	exchange with BOUNDARY
R2EF5950F	exchange with BOUNDARY
R2F8D61B	exchange with BOUNDARY
R2FFFEBF0	exchange with BOUNDARY
R32E52EA4	exchange with BOUNDARY
R34687709	exchange with BOUNDARY
R34858893	exchange with BOUNDARY
R35AE7FEE	exchange with BOUNDARY
R36C0D89C	exchange with BOUNDARY
R38FFEC0B	exchange with BOUNDARY
R3AA49D97	exchange with BOUNDARY
R3AAC8D68	exchange with BOUNDARY
R3AAD40A3	exchange with BOUNDARY
R3B359636	exchange with BOUNDARY
R3B559469	exchange with BOUNDARY
R3D0BF792	exchange with BOUNDARY
R3E25B6E0	exchange with BOUNDARY
R407162EF	exchange with BOUNDARY
R4082BCE6	exchange with BOUNDARY
R42F4AB3F	exchange with BOUNDARY
R4693D721	exchange with BOUNDARY
R47BFDE9F	exchange with BOUNDARY
R4A31211C	exchange with BOUNDARY
R4A663BBB	exchange with BOUNDARY
R4BA823A3	exchange with BOUNDARY
R4CAA503C	exchange with BOUNDARY
R4CB1FAAB	exchange with BOUNDARY
R4D80736B	exchange with BOUNDARY
R4F320255	exchange with BOUNDARY
R509A1629	exchange with BOUNDARY
R51467992	exchange with BOUNDARY
R516E94D3	exchange with BOUNDARY
R55D8BEBD	exchange with BOUNDARY
R57B0E71	exchange with BOUNDARY
R586CC23D	exchange with BOUNDARY
R5919EB32	exchange with BOUNDARY
R5A696DD3	exchange with BOUNDARY
R5B6E3120	exchange with BOUNDARY
R5C3717C9	exchange with BOUNDARY
R5C5B43A6	exchange with BOUNDARY
R5EBACEE6	exchange with BOUNDARY
R5EC4F4CB	exchange with BOUNDARY
R5FAA584	exchange with BOUNDARY
R609C4401	exchange with BOUNDARY
R6308E04E	exchange with BOUNDARY
R63B65A5D	exchange with BOUNDARY
R658C64D7	exchange with BOUNDARY
R681CA326	exchange with BOUNDARY
R68381857	exchange with BOUNDARY
R691FB91A	exchange with BOUNDARY
R6BCCBE47	exchange with BOUNDARY
R6BFA7295	exchange with BOUNDARY
R6D0D4E3B	exchange with BOUNDARY
R6F8887EB	exchange with BOUNDARY
R72FB2423	exchange with BOUNDARY
R73317AF4	exchange with BOUNDARY
R73BD57A	exchange with BOUNDARY
R7677ECF	exchange with BOUNDARY
R7718DAFC	exchange with BOUNDARY
R78A55FA2	exchange with BOUNDARY
R7940E5	exchange with BOUNDARY
R7A494919	exchange with BOUNDARY
R7AB287EF	exchange with BOUNDARY
R7AD8228	exchange with BOUNDARY
R7BD5D943	exchange with BOUNDARY
R7DB57F74	exchange with BOUNDARY
R7DEFE7C9	exchange with BOUNDARY
R7ECC24A1	exchange with BOUNDARY
R8017DDA9	exchange with BOUNDARY
R808401FF	exchange with BOUNDARY
R827A7906	exchange with BOUNDARY
R83541C9E	exchange with BOUNDARY
R84A5B108	exchange with BOUNDARY
R84C5B357	exchange with BOUNDARY
R84FB6F7A	exchange with BOUNDARY
R8685685C	exchange with BOUNDARY
R88FF282E	exchange with BOUNDARY
R891D9BB8	exchange with BOUNDARY
R8A1AE3A1	exchange with BOUNDARY
R8C455470	exchange with BOUNDARY
R8CBADC49	exchange with BOUNDARY
R926E85F9	exchange with BOUNDARY
R931FF3D8	exchange with BOUNDARY
R93EC2DD1	exchange with BOUNDARY
R93F3C189	exchange with BOUNDARY
R94A33A54	exchange with BOUNDARY
R97BA63DE	exchange with BOUNDARY
R9945CE96	exchange with BOUNDARY
R9A391E47	exchange with BOUNDARY
R9AF98798	exchange with BOUNDARY
R9CCA6426	exchange with BOUNDARY
RA01A86C7	exchange with BOUNDARY
RA6A6ED7B	exchange with BOUNDARY
RA8450D86	exchange with BOUNDARY
RA8845992	exchange with BOUNDARY
RA8CD7B47	exchange with BOUNDARY
RA96B71FF	exchange with BOUNDARY
RAC84D910	exchange with BOUNDARY
RAD5CF064	exchange with BOUNDARY
RB176D12D	exchange with BOUNDARY
RB3A05D74	exchange with BOUNDARY
RB5A57218	exchange with BOUNDARY
RB7DF33F1	exchange with BOUNDARY
RB890A56D	exchange with BOUNDARY
RB94941D2	exchange with BOUNDARY
RBC1D7DC	exchange with BOUNDARY
RBDDBD0CD	exchange with BOUNDARY
RBE83A28C	exchange with BOUNDARY
RBFC4187F	exchange with BOUNDARY
RC12E6F82	exchange with BOUNDARY
RC1EB64B8	exchange with BOUNDARY
RC41AEDC4	exchange with BOUNDARY
RC476B9AB	exchange with BOUNDARY
RC657AD34	exchange with BOUNDARY
RC6E0D3F2	exchange with BOUNDARY
RC9B53BD3	exchange with BOUNDARY
RCDD1FFC1	exchange with BOUNDARY
RCF2BD816	exchange with BOUNDARY
RD3AD34EF	exchange with BOUNDARY
RD40A57F4	exchange with BOUNDARY
RD611D989	exchange with BOUNDARY
RD7653D4D	exchange with BOUNDARY
RD830CC8D	exchange with BOUNDARY
RD9321B7A	exchange with BOUNDARY
RD9970BFE	exchange with BOUNDARY
RD9E0F506	exchange with BOUNDARY
RDA2714C0	exchange with BOUNDARY
RDC0E89C3	exchange with BOUNDARY
RDD20EC5B	exchange with BOUNDARY
RDE506ABA	exchange with BOUNDARY
RDF23462	exchange with BOUNDARY
RDFA5258B	exchange with BOUNDARY
RE15CC30A	exchange with BOUNDARY
RE2734FB3	exchange with BOUNDARY
RE2E33208	exchange with BOUNDARY
RE36A32D3	exchange with BOUNDARY
RE452DBAE	exchange with BOUNDARY
RE497C975	exchange with BOUNDARY
RE4DF266B	exchange with BOUNDARY
RE4E5BC89	exchange with BOUNDARY
REAE45433	exchange with BOUNDARY
REC054010	exchange with BOUNDARY
RF04773F9	exchange with BOUNDARY
RF160CB55	exchange with BOUNDARY
RF470EB83	exchange with BOUNDARY
RF53F418F	exchange with BOUNDARY
RF78D8946	exchange with BOUNDARY
RF84FFBFE	exchange with BOUNDARY
RFD5FDB28	exchange with BOUNDARY
RFF889ABA	exchange with BOUNDARY
R6CD91537	exchange with BOUNDARY
RA0F7259A	exchange with BOUNDARY
RD3527F1A	exchange with BOUNDARY
R115D4512	exchange with BOUNDARY
R128B924F	exchange with BOUNDARY
R1295D6E3	exchange with BOUNDARY
R1498F8A6	exchange with BOUNDARY
R1534EB75	exchange with BOUNDARY
R166ACEE3	exchange with BOUNDARY
R191F17A4	exchange with BOUNDARY
R19C61D4F	exchange with BOUNDARY
R19E04D1A	exchange with BOUNDARY
R1AE6B433	exchange with BOUNDARY
R1EA4E6AE	exchange with BOUNDARY
R1F687212	exchange with BOUNDARY
R1FCED366	exchange with BOUNDARY
R212C8FEA	exchange with BOUNDARY
R23E5E827	exchange with BOUNDARY
R2D554FFE	exchange with BOUNDARY
R2F4C40C4	exchange with BOUNDARY
R2F732210	exchange with BOUNDARY
R30DA6058	exchange with BOUNDARY
R32677951	exchange with BOUNDARY
R3546E131	exchange with BOUNDARY
R37511EE5	exchange with BOUNDARY
R37D9205D	exchange with BOUNDARY
R3BBB56DD	exchange with BOUNDARY
R3E24CB92	exchange with BOUNDARY
R3F00B4CA	exchange with BOUNDARY
R3F170810	exchange with BOUNDARY
R3FAD824C	exchange with BOUNDARY
R3FFE9056	exchange with BOUNDARY
R40EDA07C	exchange with BOUNDARY
R42FFEDF7	exchange with BOUNDARY
R435CFA18	exchange with BOUNDARY
R4B9FFB44	exchange with BOUNDARY
R4E525EE4	exchange with BOUNDARY
R4EB5CD47	exchange with BOUNDARY
R4FA7F9D4	exchange with BOUNDARY
R5046FD5	exchange with BOUNDARY
R50ADA3D3	exchange with BOUNDARY
R5226F111	exchange with BOUNDARY
R531381F0	exchange with BOUNDARY
R55BE614B	exchange with BOUNDARY
R57053B8	exchange with BOUNDARY
R57129840	exchange with BOUNDARY
R5A32D46F	exchange with BOUNDARY
R625DC447	exchange with BOUNDARY
R644740A6	exchange with BOUNDARY
R6511B76F	exchange with BOUNDARY
R665D8B79	exchange with BOUNDARY
R6A3B5E0	exchange with BOUNDARY
R6C78C691	exchange with BOUNDARY
R6DB707C6	exchange with BOUNDARY
R755E17F1	exchange with BOUNDARY
R7B466F68	exchange with BOUNDARY
R7EAE41AC	exchange with BOUNDARY
R8279061B	exchange with BOUNDARY
R851A5F31	exchange with BOUNDARY
R88B07794	exchange with BOUNDARY
R88DF749	exchange with BOUNDARY
R8C1AC36D	exchange with BOUNDARY
R8C36A54	exchange with BOUNDARY
R8C96AFE8	exchange with BOUNDARY
R8D6A636E	exchange with BOUNDARY
R8ECF5EE1	exchange with BOUNDARY
R91EC2CF4	exchange with BOUNDARY
R93720DFA	exchange with BOUNDARY
R96092C62	exchange with BOUNDARY
R97FEA67F	exchange with BOUNDARY
R9883029	exchange with BOUNDARY
R9C2B6D38	exchange with BOUNDARY
RA00AEB7E	exchange with BOUNDARY
RA1F6B9B8	exchange with BOUNDARY
RA30F03F1	exchange with BOUNDARY
RA317A0E9	exchange with BOUNDARY
RA407D986	exchange with BOUNDARY
RA4E36551	exchange with BOUNDARY
RA809632	exchange with BOUNDARY
RA9B5393	exchange with BOUNDARY
RAA5C9BC9	exchange with BOUNDARY
RAAAE22F1	exchange with BOUNDARY
RABFA61CA	exchange with BOUNDARY
RAC99E409	exchange with BOUNDARY
RAE8D1185	exchange with BOUNDARY
RAEF1EFF1	exchange with BOUNDARY
RB1AC4859	exchange with BOUNDARY
RB381D1EA	exchange with BOUNDARY
RB52424C5	exchange with BOUNDARY
RB8545584	exchange with BOUNDARY
RB8A62BAB	exchange with BOUNDARY
RB934841C	exchange with BOUNDARY
RBAA51862	exchange with BOUNDARY
RBB6F1A91	exchange with BOUNDARY
RBE1285EA	exchange with BOUNDARY
RBE49DB33	exchange with BOUNDARY
RBFB8AD64	exchange with BOUNDARY
RC0562DCA	exchange with BOUNDARY
RC1D2022C	exchange with BOUNDARY
RC2A1B4CA	exchange with BOUNDARY
RC5477493	exchange with BOUNDARY
RC69AFEAB	exchange with BOUNDARY
RC9E8EAAD	exchange with BOUNDARY
RD11113A5	exchange with BOUNDARY
RD170724C	exchange with BOUNDARY
RD5C12743	exchange with BOUNDARY
RD6720342	exchange with BOUNDARY
RD8300FF7	exchange with BOUNDARY
RDCB9DA5E	exchange with BOUNDARY
RE0EC118E	exchange with BOUNDARY
RE1158608	exchange with BOUNDARY
RE15DAE92	exchange with BOUNDARY
RE1D6C5C1	exchange with BOUNDARY
RE3250818	exchange with BOUNDARY
RE365D34	exchange with BOUNDARY
RE370BBA	exchange with BOUNDARY
RE3FC02F3	exchange with BOUNDARY
RE400D2DF	exchange with BOUNDARY
RE5DFB81E	exchange with BOUNDARY
RE65B90BB	exchange with BOUNDARY
RE6E9D39A	exchange with BOUNDARY
REA9856E7	exchange with BOUNDARY
REC8035BC	exchange with BOUNDARY
RF0282999	exchange with BOUNDARY
RF1EB3127	exchange with BOUNDARY
RF2777427	exchange with BOUNDARY
RF291FA09	exchange with BOUNDARY
RF5F9AA91	exchange with BOUNDARY
RF7C1EB18	exchange with BOUNDARY
RF95EA905	exchange with BOUNDARY
RFA18BC4B	exchange with BOUNDARY
RFB6B93AE	exchange with BOUNDARY
R257C19A4	exchange with BOUNDARY
R2D178D27	exchange with BOUNDARY
R340389ED	exchange with BOUNDARY
R4B47BCA4	exchange with BOUNDARY
R5602604D	exchange with BOUNDARY
R7E341F8D	exchange with BOUNDARY
R842383FB	exchange with BOUNDARY
R869EE9D4	exchange with BOUNDARY
R8F329B80	exchange with BOUNDARY
R955C13B2	exchange with BOUNDARY
R98EF5933	exchange with BOUNDARY
RC7B88E09	exchange with BOUNDARY
RCE14159B	exchange with BOUNDARY
RED337220	exchange with BOUNDARY
RF918E8E3	exchange with BOUNDARY
RFC4CE269	exchange with BOUNDARY
R3FA35CD	exchange with BOUNDARY
R4262E38A	exchange with BOUNDARY
R512411F8	exchange with BOUNDARY
R63E3B990	exchange with BOUNDARY
R676C14DA	exchange with BOUNDARY
R69A17A6D	exchange with BOUNDARY
R6D0246B	exchange with BOUNDARY
R708A4123	exchange with BOUNDARY
R72FC3B2A	exchange with BOUNDARY
R7C2E3131	exchange with BOUNDARY
R81C8428	exchange with BOUNDARY
R84B67868	exchange with BOUNDARY
R9284EA25	exchange with BOUNDARY
R9E3965D	exchange with BOUNDARY
RA45ED9DF	exchange with BOUNDARY
RA51ECAFC	exchange with BOUNDARY
RA626AB35	exchange with BOUNDARY
RA6CBCA07	exchange with BOUNDARY
RADA2A92D	exchange with BOUNDARY
RB09181A0	exchange with BOUNDARY
RBEA1B4E3	exchange with BOUNDARY
RC0E2459E	exchange with BOUNDARY
RCB284F51	exchange with BOUNDARY
RD0C88E1C	exchange with BOUNDARY
RD18A5E33	exchange with BOUNDARY
RD5BE064	exchange with BOUNDARY
REEF5D9BC	exchange with BOUNDARY
RF4DA92B	exchange with BOUNDARY
RFF08EA5	exchange with BOUNDARY
R3340F175	exchange with BOUNDARY
R7A79F60D	exchange with BOUNDARY
RDD407588	exchange with BOUNDARY
RDE4AC46D	exchange with BOUNDARY
