identifier	name_original	name_novel	note
MNXM1	H(+)	proton	custom clarity
MNXM2	H2O	water	custom clarity
MNXM4	O2	dioxygen	custom clarity
MNXM13	CO2	carbon dioxide	custom clarity
MNXM22	H2O2	hydrogen peroxide	custom clarity
MNXM10053	Mercplaccys	3-mercaptolactate-cysteine disulfide	name from Recon 2M.2
MNXM10347	5adtststerones	5alpha-Dihydrotestosterone sulfate	name from Recon 2M.2
MNXM10441	Eaflatoxin	8,9 epxoy aflatoxin B1	name from Recon 2M.2
MNXM10654	G1m8mpdol U	alpha-D-Glucosyl-(alpha-D-mannosyl)8-beta-D-mannosyl-diacetylchitobiosyldiphosphodolichol, human uterine homolog	name from Recon 2M.2
MNXM10659	M1mpdol U	alpha-D-mannosyl-beta-D-mannosyl-diacylchitobiosyldiphosphodolichol, human uterine homolog	name from Recon 2M.2
MNXM10720	Antipyrene	antipyrene	name from Recon 2M.2
MNXM10806	Mpdol U	beta-D-Mannosyldiacetylchitobiosyldiphosphodolichol, human uterine homolog	name from Recon 2M.2
MNXM10930	Xolest2 hs	cholesterol ester (from FULLR2)	name from Recon 2M.2
MNXM10936	Cs a deg1	chondroitin sulfate A (GalNAc4S-GlcA), degradation product 1	name from Recon 2M.2
MNXM10937	Cs a deg4	chondroitin sulfate A (GalNAc4S-GlcA), degradation product 4	name from Recon 2M.2
MNXM10938	Cs a deg5	chondroitin sulfate A (GalNAc4S-GlcA), degradation product 5	name from Recon 2M.2
MNXM10939	Cs b pre4	chondroitin sulfate B (IdoA2S-GalNAc4S), precursor 4	name from Recon 2M.2
MNXM10940	Cs b pre5	chondroitin sulfate B (IdoA2S-GalNAc4s), precursor 5	name from Recon 2M.2
MNXM10941	Cs b deg1	chondroitin sulfate B / dermatan sulfate (IdoA2S-GalNAc4S), degradation product 1	name from Recon 2M.2
MNXM10942	Cs b deg3	chondroitin sulfate B / dermatan sulfate (IdoA2S-GalNAc4S), degradation product 3	name from Recon 2M.2
MNXM10943	Cs c deg1	chondroitin sulfate C (GalNAc6S-GlcA), degradation product 1	name from Recon 2M.2
MNXM10944	Cs c deg4	chondroitin sulfate C (GalNAc6S-GlcA), degradation product 4	name from Recon 2M.2
MNXM10945	Cs c pre2	chondroitin sulfate C (GalNAc6S-GlcA), precursor 2	name from Recon 2M.2
MNXM10946	Cs c pre3	chondroitin sulfate C (GalNAc6S-GlcA), precursor 3	name from Recon 2M.2
MNXM10947	Cs d pre2	chondroitin sulfate D (GlcNAc6S-GlcA2S) precursor 2	name from Recon 2M.2
MNXM10948	Cs d deg1	chondroitin sulfate D (GlcNAc6S-GlcA2S), degradation product 1	name from Recon 2M.2
MNXM10949	Cs d deg3	chondroitin sulfate D (GlcNAc6S-GlcA2S), degradation product 3	name from Recon 2M.2
MNXM10950	Cs d deg5	chondroitin sulfate D (GlcNAc6S-GlcA2S), degradation product 5	name from Recon 2M.2
MNXM10951	Cs d pre3	chondroitin sulfate D (GlcNAc6S-GlcA2S), precursor 3	name from Recon 2M.2
MNXM10952	Cs d pre4	chondroitin sulfate D (GlcNAc6S-GlcA2S), precursor 4	name from Recon 2M.2
MNXM10953	Cs d pre5	chondroitin sulfate D (GlcNAc6S-GlcA2S), precursor 5	name from Recon 2M.2
MNXM10954	Cs e deg1	chondroitin sulfate E (GalNAc4,6diS-GlcA), degradation product 1	name from Recon 2M.2
MNXM10955	Cs e deg2	chondroitin sulfate E (GalNAc4,6diS-GlcA), degradation product 2	name from Recon 2M.2
MNXM10956	Cs e deg5	chondroitin sulfate E (GalNAc4,6diS-GlcA), degradation product 5	name from Recon 2M.2
MNXM10957	Cs e deg6	chondroitin sulfate E (GalNAc4,6diS-GlcA), degradation product 6	name from Recon 2M.2
MNXM10958	Cs e pre3	chondroitin sulfate E (GalNAc4,6diS-GlcA), precursor 3	name from Recon 2M.2
MNXM10959	Cs e pre5a	chondroitin sulfate E (GalNAc4,6diS-GlcA), precursor 5a	name from Recon 2M.2
MNXM10960	Cs e pre5b	chondroitin sulfate E (GalNAc4,6diS-GlcA), precursor 5b	name from Recon 2M.2
MNXM11301	N2m2mn	de-Fuc, reducing GlcNAc removed, de-Sia, de-Gal form of PA6 (w/o peptide linkage)	name from Recon 2M.2
MNXM11315	Dedoldp U	Dehydrodolichol diphosphate, human uterine homolog	name from Recon 2M.2
MNXM11317	Dedolp U	Dehydrodolichol phosphate, human uterine homolog	name from Recon 2M.2
MNXM11319	Dedol U	Dehydrodolichol, human uterine homolog	name from Recon 2M.2
MNXM123	homocysteine zwitterion	L-homocysteine	name from Recon 2M.2
MNXM5749	ferricytochrome	ferricytochrome c	name from Recon 2M.2
MNXM11408	DsT antigen	disialyl-T antigen	name from Recon 2M.2
MNXM11427	Dcsptn1	docosa-4,7,10,13,16-pentaenoic acid (n-6)	name from Recon 2M.2
MNXM11435	Doldp U	Dolichol diphosphate, human uterine homolog	name from Recon 2M.2
MNXM11479	Etfox	Electron transfer flavoprotein oxidized	name from Recon 2M.2
MNXM11480	Etfrd	Electron transfer flavoprotein reduced	name from Recon 2M.2
MNXM11615	Galgalthcrm hs	Gal-Gal-Gal-Gal-Glc-Cer (homo sapiens)	name from Recon 2M.2
MNXM11616	Galthcrm hs	Gal-Gal-Gal-Glc-Cer (homo sapiens)	name from Recon 2M.2
MNXM11618	Lxser	Gal-Xyl-L-Ser (protein)	name from Recon 2M.2
MNXM11641	Gm1 hs	ganglioside GM1 (homo sapiens)	name from Recon 2M.2
MNXM11643	Gm2 hs	ganglioside GM2 (homo sapiens)	name from Recon 2M.2
MNXM11645	Gd1b hs	GD1b (homo sapiens)	name from Recon 2M.2
MNXM11646	Gd2 hs	GD2 (homo sapiens)	name from Recon 2M.2
MNXM11679	Acglcgalgbside hs	GlcNAc-Gal globoside (homo sapiens)	name from Recon 2M.2
MNXM11714	Glygn1	glycogen, structure 1 (glycogenin-11[1,4-Glc])	name from Recon 2M.2
MNXM11715	Glygn3	glycogen, structure 3 (glycogenin-7[1,4-Glc])	name from Recon 2M.2
MNXM11716	Glygn4	glycogen, structure 4 (glycogenin-1,6-{2[1,4-Glc], [1,4-Glc]})	name from Recon 2M.2
MNXM11717	Glygn5	glycogen, structure 5 (glycogenin-2[1,4-Glc])	name from Recon 2M.2
MNXM11720	Gpi prot hs	glycophosphatidylinositol (GPI)-anchored protein	name from Recon 2M.2
MNXM11730	Gt1c hs	GT1c (homo sapiens)	name from Recon 2M.2
MNXM11731	Gt2 hs	GT2 (homo sapiens)	name from Recon 2M.2
MNXM11753	Hs deg1	heparan sulfate, degradation product 1	name from Recon 2M.2
MNXM11754	Hs deg10	heparan sulfate, degradation product 10	name from Recon 2M.2
MNXM11755	Hs deg11	heparan sulfate, degradation product 11	name from Recon 2M.2
MNXM11756	Hs deg12	heparan sulfate, degradation product 12	name from Recon 2M.2
MNXM11757	Hs deg13	heparan sulfate, degradation product 13	name from Recon 2M.2
MNXM11758	Hs deg14	heparan sulfate, degradation product 14	name from Recon 2M.2
MNXM11759	Hs deg15	heparan sulfate, degradation product 15	name from Recon 2M.2
MNXM11760	Hs deg16	heparan sulfate, degradation product 16	name from Recon 2M.2
MNXM11761	Hs deg17	heparan sulfate, degradation product 17	name from Recon 2M.2
MNXM11762	Hs deg18	heparan sulfate, degradation product 18	name from Recon 2M.2
MNXM11763	Hs deg19	heparan sulfate, degradation product 19	name from Recon 2M.2
MNXM11764	Hs deg2	heparan sulfate, degradation product 2	name from Recon 2M.2
MNXM11765	Hs deg20	heparan sulfate, degradation product 20	name from Recon 2M.2
MNXM11766	Hs deg21	heparan sulfate, degradation product 21	name from Recon 2M.2
MNXM11767	Hs deg22	heparan sulfate, degradation product 22	name from Recon 2M.2
MNXM11768	Hs deg23	heparan sulfate, degradation product 23	name from Recon 2M.2
MNXM11769	Hs deg24	heparan sulfate, degradation product 24	name from Recon 2M.2
MNXM11770	Hs deg25	heparan sulfate, degradation product 25	name from Recon 2M.2
MNXM11771	Hs deg3	heparan sulfate, degradation product 3	name from Recon 2M.2
MNXM11772	Hs deg4	heparan sulfate, degradation product 4	name from Recon 2M.2
MNXM11773	Hs deg5	heparan sulfate, degradation product 5	name from Recon 2M.2
MNXM11774	Hs deg6	heparan sulfate, degradation product 6	name from Recon 2M.2
MNXM11775	Hs deg7	heparan sulfate, degradation product 7	name from Recon 2M.2
MNXM11776	Hs deg8	heparan sulfate, degradation product 8	name from Recon 2M.2
MNXM11777	Hs deg9	heparan sulfate, degradation product 9	name from Recon 2M.2
MNXM11778	Hs	heparan sulfate, free chain	name from Recon 2M.2
MNXM11779	Hs pre1	heparan sulfate, precursor 1	name from Recon 2M.2
MNXM11780	Hs pre10	heparan sulfate, precursor 10	name from Recon 2M.2
MNXM11781	Hs pre11	heparan sulfate, precursor 11	name from Recon 2M.2
MNXM11782	Hs pre12	heparan sulfate, precursor 12	name from Recon 2M.2
MNXM11783	Hs pre13	heparan sulfate, precursor 13	name from Recon 2M.2
MNXM11784	Hs pre14	heparan sulfate, precursor 14	name from Recon 2M.2
MNXM11785	Hs pre15	heparan sulfate, precursor 15	name from Recon 2M.2
MNXM11786	Hs pre2	heparan sulfate, precursor 2	name from Recon 2M.2
MNXM11787	Hs pre3	heparan sulfate, precursor 3	name from Recon 2M.2
MNXM11788	Hs pre4	heparan sulfate, precursor 4	name from Recon 2M.2
MNXM11789	Hs pre5	heparan sulfate, precursor 5	name from Recon 2M.2
MNXM11790	Hs pre6	heparan sulfate, precursor 6	name from Recon 2M.2
MNXM11791	Hs pre7	heparan sulfate, precursor 7	name from Recon 2M.2
MNXM11792	Hs pre8	heparan sulfate, precursor 8	name from Recon 2M.2
MNXM11793	Hs pre9	heparan sulfate, precursor 9	name from Recon 2M.2
MNXM11834	Ha deg1	hyaluronan degradation product 1	name from Recon 2M.2
MNXM11843	Htaxol	hydroxylated taxol	name from Recon 2M.2
MNXM11849	Galacglcgalacglcgal14acglcgalgluside hs	I-antigen	name from Recon 2M.2
MNXM11945	Ksi pre1	keratan sulfate I biosynthesis, precursor 1	name from Recon 2M.2
MNXM11946	Ksi pre10	keratan sulfate I biosynthesis, precursor 10	name from Recon 2M.2
MNXM11947	Ksi pre11	keratan sulfate I biosynthesis, precursor 11	name from Recon 2M.2
MNXM11948	Ksi pre12	keratan sulfate I biosynthesis, precursor 12	name from Recon 2M.2
MNXM11949	Ksi pre13	keratan sulfate I biosynthesis, precursor 13	name from Recon 2M.2
MNXM11950	Ksi pre14	keratan sulfate I biosynthesis, precursor 14	name from Recon 2M.2
MNXM11951	Ksi pre15	keratan sulfate I biosynthesis, precursor 15	name from Recon 2M.2
MNXM11952	Ksi pre16	keratan sulfate I biosynthesis, precursor 16	name from Recon 2M.2
MNXM11953	Ksi pre17	keratan sulfate I biosynthesis, precursor 17	name from Recon 2M.2
MNXM11954	Ksi pre18	keratan sulfate I biosynthesis, precursor 18	name from Recon 2M.2
MNXM11955	Ksi pre19	keratan sulfate I biosynthesis, precursor 19	name from Recon 2M.2
MNXM11956	Ksi pre2	keratan sulfate I biosynthesis, precursor 2	name from Recon 2M.2
MNXM11957	Ksi pre20	keratan sulfate I biosynthesis, precursor 20	name from Recon 2M.2
MNXM11958	Ksi pre21	keratan sulfate I biosynthesis, precursor 21	name from Recon 2M.2
MNXM11959	Ksi pre22	keratan sulfate I biosynthesis, precursor 22	name from Recon 2M.2
MNXM11960	Ksi pre23	keratan sulfate I biosynthesis, precursor 23	name from Recon 2M.2
MNXM11961	Ksi pre24	keratan sulfate I biosynthesis, precursor 24	name from Recon 2M.2
MNXM11962	Ksi pre25	keratan sulfate I biosynthesis, precursor 25	name from Recon 2M.2
MNXM11963	Ksi pre26	keratan sulfate I biosynthesis, precursor 26	name from Recon 2M.2
MNXM11964	Ksi pre27	keratan sulfate I biosynthesis, precursor 27	name from Recon 2M.2
MNXM11965	Ksi pre28	keratan sulfate I biosynthesis, precursor 28	name from Recon 2M.2
MNXM11966	Ksi pre29	keratan sulfate I biosynthesis, precursor 29	name from Recon 2M.2
MNXM11967	Ksi pre3	keratan sulfate I biosynthesis, precursor 3	name from Recon 2M.2
MNXM11968	Ksi pre30	keratan sulfate I biosynthesis, precursor 30	name from Recon 2M.2
MNXM11969	Ksi pre31	keratan sulfate I biosynthesis, precursor 31	name from Recon 2M.2
MNXM11970	Ksi pre32	keratan sulfate I biosynthesis, precursor 32	name from Recon 2M.2
MNXM11971	Ksi pre33	keratan sulfate I biosynthesis, precursor 33	name from Recon 2M.2
MNXM11972	Ksi pre34	keratan sulfate I biosynthesis, precursor 34	name from Recon 2M.2
MNXM11973	Ksi pre35	keratan sulfate I biosynthesis, precursor 35	name from Recon 2M.2
MNXM11974	Ksi pre36	keratan sulfate I biosynthesis, precursor 36	name from Recon 2M.2
MNXM11975	Ksi pre4	keratan sulfate I biosynthesis, precursor 4	name from Recon 2M.2
MNXM11976	Ksi pre5	keratan sulfate I biosynthesis, precursor 5	name from Recon 2M.2
MNXM11977	Ksi pre6	keratan sulfate I biosynthesis, precursor 6	name from Recon 2M.2
MNXM11978	Ksi pre7	keratan sulfate I biosynthesis, precursor 7	name from Recon 2M.2
MNXM11979	Ksi pre8	keratan sulfate I biosynthesis, precursor 8	name from Recon 2M.2
MNXM11980	Ksi pre9	keratan sulfate I biosynthesis, precursor 9	name from Recon 2M.2
MNXM11981	Ksi deg10	keratan sulfate I, degradation product 10	name from Recon 2M.2
MNXM11982	Ksi deg13	keratan sulfate I, degradation product 13	name from Recon 2M.2
MNXM11983	Ksi deg16	keratan sulfate I, degradation product 16	name from Recon 2M.2
MNXM11984	Ksi deg19	keratan sulfate I, degradation product 19	name from Recon 2M.2
MNXM11985	Ksi deg2	keratan sulfate I, degradation product 2	name from Recon 2M.2
MNXM11986	Ksi deg22	keratan sulfate I, degradation product 22	name from Recon 2M.2
MNXM11987	Ksi deg25	keratan sulfate I, degradation product 25	name from Recon 2M.2
MNXM11988	Ksi deg28	keratan sulfate I, degradation product 28	name from Recon 2M.2
MNXM11989	Ksi deg3	keratan sulfate I, degradation product 3	name from Recon 2M.2
MNXM11990	Ksi deg31	keratan sulfate I, degradation product 31	name from Recon 2M.2
MNXM11991	Ksi deg34	keratan sulfate I, degradation product 34	name from Recon 2M.2
MNXM11992	Ksi deg37	keratan sulfate I, degradation product 37	name from Recon 2M.2
MNXM11993	Ksi deg39	keratan sulfate I, degradation product 39	name from Recon 2M.2
MNXM11994	Ksi deg4	keratan sulfate I, degradation product 4	name from Recon 2M.2
MNXM11995	Ksi deg40	keratan sulfate I, degradation product 40	name from Recon 2M.2
MNXM11996	Ksi deg41	keratan sulfate I, degradation product 41	name from Recon 2M.2
MNXM11997	Ksi deg5	keratan sulfate I, degradation product 5	name from Recon 2M.2
MNXM11998	Ksi deg7	keratan sulfate I, degradation product 7	name from Recon 2M.2
MNXM11999	Ksii core2 deg1	keratan sulfate II (core 2-linked), degradation product 1	name from Recon 2M.2
MNXM12000	Ksii core2 deg2	keratan sulfate II (core 2-linked), degradation product 2	name from Recon 2M.2
MNXM12001	Ksii core2 deg4	keratan sulfate II (core 2-linked), degradation product 4	name from Recon 2M.2
MNXM12002	Ksii core2 deg7	keratan sulfate II (core 2-linked), degradation product 7	name from Recon 2M.2
MNXM12003	Ksii core2 deg9	keratan sulfate II (core 2-linked), degradation product 9	name from Recon 2M.2
MNXM12004	Ksii core4 deg1	keratan sulfate II (core 4-linked), degradation product 1	name from Recon 2M.2
MNXM12005	Ksii core4 deg2	keratan sulfate II (core 4-linked), degradation product 2	name from Recon 2M.2
MNXM12006	Ksii core4 deg4	keratan sulfate II (core 4-linked), degradation product 4	name from Recon 2M.2
MNXM12007	Ksii core2 pre1	keratan sulfate II biosynthesis, precursor 1	name from Recon 2M.2
MNXM12009	Ksii core2 pre10	keratan sulfate II biosynthesis, precursor 10	name from Recon 2M.2
MNXM12011	Ksii core2 pre2	keratan sulfate II biosynthesis, precursor 2	name from Recon 2M.2
MNXM12012	Ksii core2 pre3	keratan sulfate II biosynthesis, precursor 3	name from Recon 2M.2
MNXM12014	Ksii core2 pre4	keratan sulfate II biosynthesis, precursor 4	name from Recon 2M.2
MNXM12016	Ksii core2 pre5	keratan sulfate II biosynthesis, precursor 5	name from Recon 2M.2
MNXM12019	Ksii core2 pre6	keratan sulfate II biosynthesis, precursor 6	name from Recon 2M.2
MNXM12021	Ksii core2 pre7	keratan sulfate II biosynthesis, precursor 7	name from Recon 2M.2
MNXM12023	Ksii core2 pre8	keratan sulfate II biosynthesis, precursor 8	name from Recon 2M.2
MNXM12025	Ksii core2 pre9	keratan sulfate II biosynthesis, precursor 9	name from Recon 2M.2
MNXM12026	Ksii core4 pre2	keratan sulfate II boisynthesis, precursor 2	name from Recon 2M.2
MNXM12324	Chito2pdol U	N,N'-Diacetylchitobiosyldiphosphodolichol, human uterine homolog	name from Recon 2M.2
MNXM12353	Naglc2p U	N-Acetyl-D-glucosaminyldiphosphodolichol, human uterine homolog	name from Recon 2M.2
MNXM12419	Fn2m2masn	N4-{N-Acetyl-beta-D-glucosaminyl-(1,2)-alpha-D-mannosyl-(1,3)-[N-acetyl-beta-D-glucosaminyl-(1,2)-alpha-D-mannosyl-(1,6)]-beta-D-mannosyl-(1,4)-N-acetyl-beta-D-glucosaminyl-(1,4)-[alpha-L-fucosyl-(1,6)]-N-acetyl-beta-D-glucosaminyl}asparagine	name from Recon 2M.2
MNXM12471	Acglcgal14acglcgalgluside hs	nLc5Cer	name from Recon 2M.2
MNXM12472	Acglc13galacglcgal14acglcgalgluside hs	nLc7Cer	name from Recon 2M.2
MNXM12526	Whddca	omega hydroxy dodecanoate (n-C12:0)	name from Recon 2M.2
MNXM12527	Whttdca	omega hydroxy tetradecanoate (n-C14:0)	name from Recon 2M.2
MNXM12647	Pgp hs	phosphatidyl glycerol phosphate (homo sapiens)	name from Recon 2M.2
MNXM12672	Dxtrn	phosphorylase-limit dextrin (glycogenin-1,6{4[1,4-Glc], 4[1,4-Glc]})	name from Recon 2M.2
MNXM127273	Leu-Gly zwitterion	Leu-Gly	name from Recon 2M.2
MNXM12747	Ggn	primed glycogenin (glycogenin-8[1,4-Glc])	name from Recon 2M.2
MNXM1280	L-gamma-glutamyl phosphate(2-)	L-glutamyl 5-phosphate	name from Recon 2M.2
MNXM12840	R6coa hs	R group 6 Coenzyme A homo sapiens	name from Recon 2M.2
MNXM1288	N-formyl-L-kynurenine zwitterion	N-formyl-L-kynurenine	name from Recon 2M.2
MNXM12937	ST antigen	sialyl-T antigen	name from Recon 2M.2
MNXM12938	Sialyl-Tn antigen	sialyl-Tn antigen	name from Recon 2M.2
MNXM12953	Strch2	starch, structure 2 (1,6-{2[1,4-Glc], [1,4-Glc]})	name from Recon 2M.2
MNXM12955	Strdnc	stearidonic acid C18:4, n-3	name from Recon 2M.2
MNXM12967	Nrpphrsf	Sulfate derivative of norepinephrine	name from Recon 2M.2
MNXM12985	Tststerones	testosterone sulfate	name from Recon 2M.2
MNXM12996	Tethex3	tetracosahexaenoic acid, n-3	name from Recon 2M.2
MNXM12997	Tetpent3	tetracosapentaenoic acid, n-3	name from Recon 2M.2
MNXM12998	Tetpent6	tetracosapentaenoic acid, n-6	name from Recon 2M.2
MNXM12999	Tettet6	tetracosatetraenoic acid n-6	name from Recon 2M.2
MNXM129	L-xylo-hex-3-ulonolactone	L-ascorbate	name from Recon 2M.2
MNXM13045	Tmndnc	timnodonic acid C20:5, n-3	name from Recon 2M.2
MNXM1319	beta-D-Gal-(1->3)-beta-D-GlcNAc-(1->3)-beta-D-Gal-(1->4)-beta-D-Glc-(11')-N-acylsphing-4-enine	beta-D-galactosyl-(1->3)-N-acetyl-beta-D-glucosaminyl-(1->3)-beta-D-galactosyl-(1->4)-beta-D-glucosyl-(11)-ceramide	name from Recon 2M.2
MNXM13247	Fuc132galacglcgal14acglcgalgluside hs	V3Fuc-nLc6Cer	name from Recon 2M.2
MNXM13407	N5m2masn	((N-acetyl-D-glucosaminyl)5-(alpha-D-mannosyl)2-beta-D-mannosyl-diacetylchitobiosyl)-L-asparagine (protein)	name from Recon 2M.2
MNXM13501	Glc2man	(2)[glucose-1,3]-mannose oligosaccharide	name from Recon 2M.2
MNXM13802	Mem2emgacpail prot hs	({[(mannosyl),(phosphoethanolaminyl)]-dimannosyl},{phosphoethanolaminyl})-mannosyl-glucosaminyl-acylphosphatidylinositol-Protein (M4B)	name from Recon 2M.2
MNXM13807	1glyc hs	1 acyl phosphoglycerol	name from Recon 2M.2
MNXM1383	mono(glucosyluronic acid)bilirubin(2-)	bilirubin-glucuronoside	name from Recon 2M.2
MNXM1384	N-acetyl-L-gamma-glutamyl phosphate(3-)	N-acetyl-L-glutamyl 5-phosphate	name from Recon 2M.2
MNXM13888	Dak2gpe hs	1-alkenyl 2-acylglycerol 3-phosphoethanolamine plasmalogen (homo sapiens)	name from Recon 2M.2
MNXM13989	12HPET	12-Hydroperoxyeicosa-5,8,10,14-tetraenoate	name from Recon 2M.2
MNXM14550	Dd3coa	3-dodecenoyl CoA	name from Recon 2M.2
MNXM145923	Asn X Ser FSLASH Thr	protein-linked asparagine residue (N-glycosylation site)	name from Recon 2M.2
MNXM146222	Ser Gly FSLASH Ala X Gly	protein-linked serine residue (glycosaminoglycan attachment site)	name from Recon 2M.2
MNXM650	acryloyl-CoA	Propenoyl-CoA	name from Recon 2M.2
MNXM146564	11 cis retfa	fatty acid 11-cis-retinol	name from Recon 2M.2
MNXM146565	9 cis retfa	fatty acid 9-cis-retinol	name from Recon 2M.2
MNXM146651	Tyr ggn	Tyr-194 of apo-glycogenin protein (primer for glycogen synthesis)	name from Recon 2M.2
MNXM146866	13 cis oretn	13-cis-oxo-retinoic acid	name from Recon 2M.2
MNXM146867	13 cis retnglc	13-cis-retinoyl glucuronide	name from Recon 2M.2
MNXM147044	ApoC Lys	Apocarboxylase (Lys residue)	name from Recon 2M.2
MNXM147064	Cs c,d,e pre1	chondroitin sulfate C (GalNAc6S-GlcA) and D (GlcNAc6S-GlcA2S), precursor 1	name from Recon 2M.2
MNXM147123	ApoC Lys btn	Holocarboxylase (biotin covalent bound to Lys residue of apoC)	name from Recon 2M.2
MNXM147142	M LPAREN em RPAREN 3gacpail hs	mannosyl-3-(phosphoethanolaminyl-mannosyl)-glucosaminyl-acylphosphatidylinositol (M4A)	name from Recon 2M.2
MNXM147296	Ser FSLASH Thr	protein-linked serine or threonine residue (O-glycosylation site)	name from Recon 2M.2
MNXM147340	Glyc S	(S)-Glycerate	name from Recon 2M.2
MNXM147449	Cs a,b pre3	chondroitin sulfate A (GalNAc4S-GlcA) and B (IdoA2S-GalNAc4S), precursor 3	name from Recon 2M.2
MNXM147450	Cs a,b,e pre1	chondroitin sulfate A (GalNAc4S-GlcA), B (IdoA2S-GalNAc4S), and E (GalNAc4,6diS-GlcA), precursor 1	name from Recon 2M.2
MNXM147451	Cs,hs linkage	chondroitin sulfate/heparan sulfate linkage region (GlcA-(Gal)2-Xyl-L-Ser (protein))	name from Recon 2M.2
MNXM147467	Dlnlcg	dihomo-gamma-linolenic acid (n-6)	name from Recon 2M.2
MNXM147791	3mldz	3-Methylimidazole acetaldehyde	name from Recon 2M.2
MNXM148157	Cs a,b pre2	chondroitin sulfate A (GalNAc4S-GlcA) and B (IdoA2S-GalNAc4S), precursor 2	name from Recon 2M.2
MNXM148339	M LPAREN em RPAREN 3gacpail prot hs	mannosyl-3-(phosphoethanolaminyl-mannosyl)-glucosaminyl-acylphosphatidylinositol-Protein (M4A)	name from Recon 2M.2
MNXM150922	3-hydroxyoctadecanoylcarnitine	3-hydroxyoctadecanoyl carnitine	name from Recon 2M.2
MNXM150929	3-hydroxytetradecanoylcarnitine	3-hydroxy-tetradecanoyl carnitine	name from Recon 2M.2
MNXM1543	beta-D-Gal-(1->4)-beta-D-GlcNAc-(1->3)-beta-D-Gal-(1->4)-beta-D-Glc-(11')-N-acylsphing-4-enine	beta-D-galactosyl-(1->4)-N-acetyl-beta-D-glucosaminyl-(1->3)-beta-D-galactosyl-(1->4)-beta-D-glucosyl-(11)-ceramide	name from Recon 2M.2
MNXM16535	Clpn hs	cardiolipin (homo sapiens)	name from Recon 2M.2
MNXM1665	Dolp U	Dolichol phosphate, human uterine homolog	name from Recon 2M.2
MNXM169278	trans-3,cis-(7,10,13,16,19)-Docosahexenoyl-CoA	3,7,10,13,16,19-docosahexenoylcoa	name from Recon 2M.2
MNXM17108	D-glucurono-6,3-lactone	D-glucurono-3,6-lactone	name from Recon 2M.2
MNXM1714	5-amino-2-oxopentanoic acid zwitterion	5-amino-2-oxopentanoate	name from Recon 2M.2
MNXM17161	Dem2emgacpail prot hs	deacylated-(phosphoethanolaminyl-dimannosyl),(phosphoethanolaminyl)-mannosyl-glucosaminyl-acylphosphatidylinositol	name from Recon 2M.2
MNXM17162	Dgpi prot hs	deacylated-glycophosphatidylinositol (GPI)-anchored protein	name from Recon 2M.2
MNXM18091	Gncore1	GlcNAc-alpha-1,4-Core 1	name from Recon 2M.2
MNXM18092	Gncore2	GlcNAc-alpha-1,4-Core 2	name from Recon 2M.2
MNXM18136	Glc3man	glucose-1,2-(2)[glucose-1,3]-mannose oligosaccharide	name from Recon 2M.2
MNXM1848	Octadecenoyl-CoA (n-C18:1CoA)	Octadecenoyl-CoA	name from Recon 2M.2
MNXM18595	AlkylR1oh	hydroxy alkyl chain	name from Recon 2M.2
MNXM18597	Hnifedipine	hydroxy nifedipine	name from Recon 2M.2
MNXM19074	LneldcACP	linoelaidic acid ACP (all trans)	name from Recon 2M.2
MNXM19075	LnlcACP	linoleic acid ACP (all cis)	name from Recon 2M.2
MNXM2028	Pchol hs	Phosphatidylcholine (homo sapiens)	name from Recon 2M.2
MNXM20351	Pepslys	peptide sans lysine	name from Recon 2M.2
MNXM2039	(2-trans,6-cis)-dodeca-2,6-dienoyl-CoA	2-trans, 5-trans-dodecadienoyl-CoA	name from Recon 2M.2
MNXM2053	(S)-3-aminoisobutyric acid zwitterion	(S)-3-amino-2-methylpropanoate	name from Recon 2M.2
MNXM210	enol-phenylpyruvate	3-phenylpyruvate	name from Recon 2M.2
MNXM2148	Paclitaxel	taxol	name from Recon 2M.2
MNXM21553	Retinoyl-CoA	retinoyl CoA	name from Recon 2M.2
MNXM21840	Strch1	starch, structure 1 (1,6-{7[1,4-Glc], 4[1,4-Glc]})	name from Recon 2M.2
MNXM21968	Ts3	Tachysterol 3	name from Recon 2M.2
MNXM2214	apo-ACP	apo-[acyl-carrier protein]	name from Recon 2M.2
MNXM2215	aquacob(III)alamin	hydroxocobalamin	name from Recon 2M.2
MNXM22166	TRI-N-ACETYL-BETA-D-GLUCOSAMINYL	N-acetyl-beta-D-glucosaminyl-1,2-alpha-D-mannosyl-1,3-(N-acetyl-beta-D-glucosaminyl-1,2-alpha-D-mannosyl-1,6)-(N-acetyl-beta-D-glucosaminyl-1,4)-beta-D-mannosyl-1,4-N-acetyl-beta-D-glucosaminyl-R	name from Recon 2M.2
MNXM22450	LeuktrB4wcooh	w-carboxy leukotriene B4	name from Recon 2M.2
MNXM22451	Wharachd	w-hydroxyl arachidonic acid	name from Recon 2M.2
MNXM2278	R2coa hs	R group 2 Coenzyme A homo sapiens	name from Recon 2M.2
MNXM2279	Rtotalcoa	R total Coenzyme A	name from Recon 2M.2
MNXM23842	trans-Dodec-2-enoyl-[acp]	2E-dodecenoyl-[acp]	name from Recon 2M.2
MNXM2416	Pail hs	phosphatidylinositol (homo sapiens)	name from Recon 2M.2
MNXM24297	trans-Tetradec-2-enoyl-[acp]	2E-tetradecenoyl-[acp]	name from Recon 2M.2
MNXM24502	trans-Hex-2-enoyl-[acp]	2E-hexenoyl-[acp]	name from Recon 2M.2
MNXM2456	Pail4p hs	1-Phosphatidyl-1D-myo-inositol 4-phosphate (Homo sapiens)	name from Recon 2M.2
MNXM2544	GLUCOSAMINYL-13-N-ETCETERA-GALACTOSAMINY	N-acetyl-beta-D-glucosaminyl-(1->3)-N-acetyl-D-galactosaminyl group	name from Recon 2M.2
MNXM2667	Dolmanp U	Dolichyl phosphate D-mannose, human uterine homolog	name from Recon 2M.2
MNXM2668	dopamine 3-O-sulfate zwitterion	dopamine 3-O-sulfate	name from Recon 2M.2
MNXM2711	Pail45p hs	phosphatidylinositol 4,5-bisphosphate (Homo sapiens)	name from Recon 2M.2
MNXM2723	Rtotal2	R total 2 position	name from Recon 2M.2
MNXM2812	Crm hs	ceramide (homo sapiens)	name from Recon 2M.2
MNXM10881	CO	carbon monoxide(1+)	name from Recon 2M.2
MNXM3075	Octadecanoyl-ACP (n-C18:0ACP)	Octadecanoyl-ACP	name from Recon 2M.2
MNXM6014	M2mn	(a-D-mannosyl)2-b-D-mannosyl-N-acetylglucosamine	name from Recon 2M.2
MNXM329	atROL	all-trans-retinol	name from Recon 2M.2
MNXM3428	10fthf5glu	10-formyltetrahydrofolate-[Glu](5)	name from Recon 2M.2
MNXM3429	10fthf6glu	10-formyltetrahydrofolate-[Glu](6)	name from Recon 2M.2
MNXM3615	6dhf	haxglutamyl folate (DHF)	name from Recon 2M.2
MNXM3616	6thf	hexaglutamyl folate  (THF)	name from Recon 2M.2
MNXM3687	5thf	pentaglutamyl folate (THF)	name from Recon 2M.2
MNXM388	AIR	5-amino-1-(5-phospho-D-ribosyl)imidazole	name from Recon 2M.2
MNXM4036	Lneldccoa	linoelaidyl coenzyme A	name from Recon 2M.2
MNXM40544	Albumin human (USP)	Albumin	name from Recon 2M.2
MNXM4080	5dhf	pentaglutamyl folate (DHF)	name from Recon 2M.2
MNXM4098	Rtotal	R total	name from Recon 2M.2
MNXM4242	Pail5p hs	1-Phosphatidyl-1D-myo-inositol 5-phosphate (Homo sapiens)	name from Recon 2M.2
MNXM8331	Mn	Beta-1,4-mannose-N-acetylglucosamine	name from Recon 2M.2
MNXM4598	Gbside hs	globoside (homo sapiens)	name from Recon 2M.2
MNXM4704	GLUCOSAMINYL-16-ETCETERA-GALACTOSAMINYL-	N-acetyl-beta-D-glucosaminyl-(1->6)-[N-acetyl-beta-D-glucosaminyl-(1->3)]-N-acetyl-D-galactosaminyl group	name from Recon 2M.2
MNXM4799	R4coa hs	R group 4 Coenzyme A homo sapiens	name from Recon 2M.2
MNXM4800	R5coa hs	R group 5 Coenzyme A homo sapiens	name from Recon 2M.2
MNXM4801	Rtotal2coa	R total 2 coenzyme A	name from Recon 2M.2
MNXM4868	Vacccoa	vaccenyl coenzyme A	name from Recon 2M.2
MNXM5165	Galside hs	galactocerebroside (homo sapiens)	name from Recon 2M.2
MNXM5169	Gluside hs	glucocerebroside (homo sapiens)	name from Recon 2M.2
MNXM5179	Galacglcgal14acglcgalgluside hs	i-antigen	name from Recon 2M.2
MNXM5213	Lpchol hs	lysophosphatidylcholine (homo sapiens)	name from Recon 2M.2
MNXM5273	Ps hs	phosphatidylserine (homo sapiens)	name from Recon 2M.2
MNXM5286	R1coa hs	R group 1 Coenzyme A homo sapiens	name from Recon 2M.2
MNXM5287	Rtotal3coa	R total 3 Coenzyme A	name from Recon 2M.2
MNXM5381	G1m8masn	(alpha-D-Glucosyl)-(alpha-D-mannosyl)8-beta-D-mannosyl-diacetylchitobiosyl-L-asparagine (protein)	name from Recon 2M.2
MNXM5382	M7masnA	(alpha-D-mannosyl)7-beta-D-mannosyl-diacetylchitobiosyl-L-asparagine, isoform A (protein)	name from Recon 2M.2
MNXM5383	M2emgacpail hs	(dimannosyl),(phosphoethanolaminyl)-mannosyl-glucosylaminyl-acylphosphatidylinositol (H6)	name from Recon 2M.2
MNXM5386	Em2emgacpail hs	(phosphoethanolaminyl-dimannosyl),(phosphoethanolaminyl)-mannosyl-glucosaminyl-acylphosphatidylinositol (H7)	name from Recon 2M.2
MNXM5422	10fthf7glu	10-formyltetrahydrofolate-[Glu](7)	name from Recon 2M.2
MNXM55458	Gly-Sar	glycylsarcosine	name from Recon 2M.2
MNXM5661	Cdpdag hs	CDP diacylglycerol (homo sapiens)	name from Recon 2M.2
MNXM5725	Dolglcp U	Dolichyl beta-D-glucosyl phosphate, human uterine homolog	name from Recon 2M.2
MNXM5779	7dhf	heptaglutamyl folate (DHF)	name from Recon 2M.2
MNXM5780	7thf	heptaglutamyl folate (THF)	name from Recon 2M.2
MNXM58377	13 cis retn	13-cis-retinoate	name from Recon 2M.2
MNXM5851	Nrvnccoa	nervonyl coenzyme A	name from Recon 2M.2
MNXM5930	Sphmyln hs	sphingomyelin (homo sapiens)	name from Recon 2M.2
MNXM6013	G3m8masn	(alpha-D-Glucosyl)3-(alpha-D-mannosyl)8-beta-D-mannosyl-diacetylchitobiosyl-L-asparagine (protein)	name from Recon 2M.2
MNXM6015	M8masn	(alpha-D-mannosyl)8-beta-D-mannosyl-diacetylchitobiosyl-L-asparagine (protein)	name from Recon 2M.2
MNXM6017	Memgacpail hs	(mannosyl),(phosphoethanolaminyl)-mannosyl-glucosylaminyl-acylphosphatidylinositol (B)	name from Recon 2M.2
MNXM6024	Mem2emgacpail hs	({[(mannosyl),(phosphoethanolaminyl)]-dimannosyl},{phosphoethanolaminyl})-mannosyl-glucosaminyl-acylphosphatidylinositol (M4B)	name from Recon 2M.2
MNXM6054	Estriolglc	16-Glucuronide-estriol	name from Recon 2M.2
MNXM6098	Ahandrostanglc	3alpha-hydroxy-5beta-androstan-17-one 3-glucosiduronic acid	name from Recon 2M.2
MNXM6163	Fuc-alpha1->2Gal-beta1->3GlcNAc-beta1->3Gal-beta1->4Glc-beta1-1'Cer	alpha-L-fucosyl-(1->2)-beta-D-galactosyl-(1->3)-N-acetyl-beta-D-glucosaminyl-(1->3)-beta-D-galactosyl-(1->4)-beta-D-glucosyl-(11)-ceramide	name from Recon 2M.2
MNXM6211	Cspg e	chondroitin sulfate E (GalNAc4,6diS-GlcA) proteoglycan	name from Recon 2M.2
MNXM6251	M2gacpail hs	dimannosyl-glucosaminyl-acylphosphatidylinositol (H3)	name from Recon 2M.2
MNXM6264	Estroneglc	Estrone glucuronide	name from Recon 2M.2
MNXM6266	Retfa	fatty acid retinol	name from Recon 2M.2
MNXM6274	Gd3 hs	GD3 (homo sapiens)	name from Recon 2M.2
MNXM6282	Gpi hs	glycophosphatidylinositol (GPI) anchor precursor (3-(phosphoethanolaminyl-mannosyl)-glucosaminyl-acylphosphatidylinositol) (H8)	name from Recon 2M.2
MNXM6283	Gpi sig	glycophosphatidylinositol (GPI) signal sequence (C-terminal peptide)	name from Recon 2M.2
MNXM6303	Ksi	keratan sulfate I	name from Recon 2M.2
MNXM6304	Ksii core2 deg5	keratan sulfate II (core 2-linked), degradation product 5	name from Recon 2M.2
MNXM6329	G00146	mannosyl-glucosaminyl-acylphosphatidylinositiol (H2)	name from Recon 2M.2
MNXM6332	Mag hs	monoacylglycerol 2 (homo sapiens)	name from Recon 2M.2
MNXM6369	S2l2fn2m2masn	PA6	name from Recon 2M.2
MNXM6416	R3coa hs	R group 3 Coenzyme A homo sapiens	name from Recon 2M.2
MNXM6447	Tststeroneglc	testosterone 17-glucosiduronic acid	name from Recon 2M.2
MNXM6483	N2m2masn	((N-acetyl-D-glucosaminyl)2-(alpha-D-mannosyl)2-beta-D-mannosyl-diacetylchitobiosyl)-L-asparagine (protein)	name from Recon 2M.2
MNXM6531	G2m8masn	(alpha-D-Glucosyl)2-(alpha-D-mannosyl)8-beta-D-mannosyl-diacetylchitobiosyl-L-asparagine (protein)	name from Recon 2M.2
MNXM6534	M4masn	(alpha-D-mannosyl)4-beta-D-mannosyl-diacetylchitobiosyl-L-asparagine (protein)	name from Recon 2M.2
MNXM6536	M5masnB1	(alpha-D-mannosyl)5-beta-D-mannosyl-diacetylchitobiosyl-L-asparagine (protein)	name from Recon 2M.2
MNXM6539	M7masnB	(alpha-D-mannosyl)7-beta-D-mannosyl-diacetylchitobiosyl-L-asparagine, isoform B (protein)	name from Recon 2M.2
MNXM6764	2425dhvitd2	24R,25-Dihyoxyvitamin D2	name from Recon 2M.2
MNXM6902	Oretn	4-oxo-retonoic acid	name from Recon 2M.2
MNXM6987	Oagd3 hs	9-O-Acetylated GD3 (homo sapiens)	name from Recon 2M.2
MNXM6988	Oagt3 hs	9-O-Acetylated GT3 (homo sapiens)	name from Recon 2M.2
MNXM7051	Acgagbside hs	alpha GalNAc globoside (homo sapiens)	name from Recon 2M.2
MNXM7068	Andrstrnglc	androsterone 3-glucosiduronic acid	name from Recon 2M.2
MNXM7077	ApoC	Apocarboxlase (no lys residue)	name from Recon 2M.2
MNXM7110	Acgbgbside hs	beta GalNAc globoside (homo sapiens)	name from Recon 2M.2
MNXM7161	Crvnc	cervonic acid, C22:6 n-3	name from Recon 2M.2
MNXM7169	Cspg a	chondroitin sulfate A (GalNAc4S-GlcA) proteoglycan	name from Recon 2M.2
MNXM7170	Cspg b	chondroitin sulfate B / dermatan sulfate (IdoA2S-GalNAc4S) proteoglycan	name from Recon 2M.2
MNXM7172	Cspg c	chondroitin sulfate C (GalNAc6S-GlcA) proteoglycan	name from Recon 2M.2
MNXM7173	Cs c deg5	chondroitin sulfate C (GalNAc6S-GlcA), degradation product 5	name from Recon 2M.2
MNXM7174	Cspg d	chondroitin sulfate D (GlcNAc6S-GlcA2S) proteoglycan	name from Recon 2M.2
MNXM7200	Core6	N-acetyl-beta-D-glucosaminyl-(1->6)-N-acetyl-alpha-D-galactosaminyl-[glycoprotein]	name from Recon 2M.2
MNXM7256	S2l2n2m2masn	de-Fuc form of PA6	name from Recon 2M.2
MNXM7257	S2l2n2m2mn	de-Fuc, reducing GlcNAc removed form of PA6 (w/o peptide linkage)	name from Recon 2M.2
MNXM7321	Dolichol U	Dolichol, human uterine homolog	name from Recon 2M.2
MNXM7370	Galgbside hs	galactosylgloboside (homo sapiens)	name from Recon 2M.2
MNXM7380	G00145	glucosaminyl-acylphosphatidylinositol	name from Recon 2M.2
MNXM7383	G1m6masnB1	glucosyl-(alpha-D-mannosyl)6-beta-D-mannosyl-diacetylchitobiosyl-L-asparagine (protein)	name from Recon 2M.2
MNXM7384	G1m7masnB	glucosyl-(alpha-D-mannosyl)7-beta-D-mannosyl-diacetylchitobiosyl-L-asparagine, isoform B (protein)	name from Recon 2M.2
MNXM7385	G1m7masnC	glucosyl-(alpha-D-mannosyl)7-beta-D-mannosyl-diacetylchitobiosyl-L-asparagine, isoform C (protein)	name from Recon 2M.2
MNXM7401	Pre prot	glycophosphatidylinositol (GPI)-anchored protein precursor	name from Recon 2M.2
MNXM7405	Gq1balpha hs	GQ1balpha (homo sapiens)	name from Recon 2M.2
MNXM7406	Gt3 hs	GT3 (homo sapiens)	name from Recon 2M.2
MNXM7463	Ksii core2	keratan sulfate II (core 2-linked)	name from Recon 2M.2
MNXM7464	Ksii core4	keratan sulfate II (core 4-linked)	name from Recon 2M.2
MNXM7658	Pail35p hs	phosphatidylinositol-3,5-bisphosphate (Homo sapiens)	name from Recon 2M.2
MNXM7699	Pristcoa	pristanoyl coa	name from Recon 2M.2
MNXM7769	Acngalgbside hs	sialyl galactosylgloboside (homo sapiens)	name from Recon 2M.2
MNXM7789	Sgalside hs	sulfatide galactocerebroside (homo sapiens)	name from Recon 2M.2
MNXM7842	M3gacpail hs	trimannosyl-glucosaminyl-acylphosphatidylinositol (H4)	name from Recon 2M.2
MNXM7931	M4mpdol U	(alpha-D-Mannosyl)4-beta-D-mannosyl-diacetylchitobiosyldiphosphodolichol, human uterine homolog	name from Recon 2M.2
MNXM7938	Galfuc12gal14acglcgalgluside hs	(Gal)3 (Glc)1 (GlcNAc)1 (LFuc)1 (Cer)1	name from Recon 2M.2
MNXM7939	Fucgalfucgalacglcgalgluside hs	(Gal)3 (Glc)1 (GlcNAc)1 (LFuc)2 (Cer)1	name from Recon 2M.2
MNXM7940	Fucfucfucgalacglcgal14acglcgalgluside hs	(Gal)3 (Glc)1 (GlcNAc)2 (LFuc)3 (Cer)1	name from Recon 2M.2
MNXM7941	Galfucgalacglcgal14acglcgalgluside hs	(Gal)4 (Glc)1 (GlcNAc)2 (LFuc)1 (Cer)1	name from Recon 2M.2
MNXM7942	Fucfucfucgalacglc13galacglcgal14acglcgalgluside hs	(Gal)4 (Glc)1 (GlcNAc)3 (LFuc)3 (Cer)1	name from Recon 2M.2
MNXM7949	M3emgacpail hs	(trimannosyl),(phosphoethanolaminyl)-mannosyl-glucosaminyl-acylphosphatidylinositol (M4C)	name from Recon 2M.2
MNXM8082	Acnacngal14acglcgalgluside hs	3',8'-LD1	name from Recon 2M.2
MNXM8131	Cholcoas	3alpha,7alpha,12alpha-Trihydroxy-5beta-cholestanoyl-CoA(S)	name from Recon 2M.2
MNXM8181	5adtststeroneglc	5alpha-Dihydrotestosterone glucuronide	name from Recon 2M.2
MNXM8255	Adrncrn	Adrenyl carnitine	name from Recon 2M.2
MNXM8358	Arachdcrn	C20:4 carnitine	name from Recon 2M.2
MNXM8398	Cs a deg2	chondroitin sulfate A (GalNAc4S-GlcA), degradation product 2	name from Recon 2M.2
MNXM8399	Cs a deg3	chondroitin sulfate A (GalNAc4S-GlcA), degradation product 3	name from Recon 2M.2
MNXM8400	Cs a	chondroitin sulfate A (GalNAc4S-GlcA), free chain	name from Recon 2M.2
MNXM8401	Cs b deg2	chondroitin sulfate B / dermatan sulfate (IdoA2S-GalNAc4S), degradation product 2	name from Recon 2M.2
MNXM8402	Cs b	chondroitin sulfate B / dermatan sulfate (IdoA2S-GalNAc4S), free chain	name from Recon 2M.2
MNXM8403	Cs c deg2	chondroitin sulfate C (GalNAc6S-GlcA), degradation product 2	name from Recon 2M.2
MNXM8404	Cs c deg3	chondroitin sulfate C (GalNAc6S-GlcA), degradation product 3	name from Recon 2M.2
MNXM8405	Cs c	chondroitin sulfate C (GalNAc6S-GlcA), free chain	name from Recon 2M.2
MNXM8406	Cs d deg2	chondroitin sulfate D (GlcNAc6S-GlcA2S), degradation product 2	name from Recon 2M.2
MNXM8407	Cs d deg4	chondroitin sulfate D (GlcNAc6S-GlcA2S), degradation product 4	name from Recon 2M.2
MNXM8408	Cs d deg6	chondroitin sulfate D (GlcNAc6S-GlcA2S), degradation product 6	name from Recon 2M.2
MNXM8409	Cs d	chondroitin sulfate D (GlcNAc6S-GlcA2S), free chain	name from Recon 2M.2
MNXM8410	Cs e deg3	chondroitin sulfate E (GalNAc4,6diS-GlcA), degradation product 3	name from Recon 2M.2
MNXM8411	Cs e deg4	chondroitin sulfate E (GalNAc4,6diS-GlcA), degradation product 4	name from Recon 2M.2
MNXM8412	Cs e deg7	chondroitin sulfate E (GalNAc4,6diS-GlcA), degradation product 7	name from Recon 2M.2
MNXM8413	Cs e	chondroitin sulfate E (GalNAc4,6diS-GlcA), free chain	name from Recon 2M.2
MNXM8414	Cs e pre2	chondroitin sulfate E (GalNAc4,6diS-GlcA), precursor 2	name from Recon 2M.2
MNXM8415	Cs e pre4	chondroitin sulfate E (GalNAc4,6diS-GlcA), precursor 4	name from Recon 2M.2
MNXM8416	Cs pre	chondroitin sulfate precursor (GalNAc-GlcA-(Gal)2-Xyl-L-Ser (protein))	name from Recon 2M.2
MNXM8447	Core2	beta-D-galactosyl-(1->3)-[N-acetyl-beta-D-glucosaminyl-(1->6)]-N-acetyl-alpha-D-galactosaminyl-[glycoprotein]	name from Recon 2M.2
MNXM8517	S2l2n2m2m	de-Fuc form of PA6 (w/o peptide linkage)	name from Recon 2M.2
MNXM8518	L2n2m2mn	de-Fuc, reducing GlcNAc removed, de-Sia form of PA6 (w/o peptide linkage)	name from Recon 2M.2
MNXM8541	Dlnlcgcrn	dihomo-gamma-linolenyl carnitine	name from Recon 2M.2
MNXM8543	Dhcrm hs	dihydroceramide (homo sapiens)	name from Recon 2M.2
MNXM8553	Acnacngalgbside hs	disialyl galactosylgloboside (homo sapiens)	name from Recon 2M.2
MNXM8574	Eicostetcrn	Eicosatetranoyl carnitine	name from Recon 2M.2
MNXM8598	F1a	F1alpha	name from Recon 2M.2
MNXM8618	Fucgalgbside hs	fucosyl galactosylgloboside (homo sapiens)	name from Recon 2M.2
MNXM8628	Galgalgalthcrm hs	Gal-Gal-Gal-Gal-Gal-Glc-Cer (homo sapiens)	name from Recon 2M.2
MNXM8629	Galacglcgalgbside hs	Gal-GlcNAc-Gal globoside (homo sapiens)	name from Recon 2M.2
MNXM8636	Gm3 hs	ganglioside GM3 (homo sapiens)	name from Recon 2M.2
MNXM8638	Gd1b2 hs	GD1beta (homo sapiens)	name from Recon 2M.2
MNXM8639	Gd1c hs	GD1c (homo sapiens)	name from Recon 2M.2
MNXM8669	Gly-Phe zwitterion	Gly-Phe	name from Recon 2M.2
MNXM8681	Glygn2	glycogen, structure 2 (glycogenin-1,6-{7[1,4-Glc], 4[1,4-Glc]})	name from Recon 2M.2
MNXM8685	Gm1b hs	GM1b (homo sapiens)	name from Recon 2M.2
MNXM8689	Gp1c hs	GP1c (homo sapiens)	name from Recon 2M.2
MNXM8690	Gp1calpha hs	GP1c alpha  (homo sapiens)	name from Recon 2M.2
MNXM8691	Gq1b hs	GQ1b (homo sapiens)	name from Recon 2M.2
MNXM8692	Gq1c hs	GQ1c (homo sapiens)	name from Recon 2M.2
MNXM8693	Gt1a hs	GT1a (homo sapiens)	name from Recon 2M.2
MNXM8694	Gt1alpha hs	GT1aalpha (homo sapiens)	name from Recon 2M.2
MNXM8695	Gt1b hs	GT1b (homo sapiens)	name from Recon 2M.2
MNXM8716	Hdcecrn	Hexadecenoyl carnitine	name from Recon 2M.2
MNXM8725	Ebastineoh	hydroxylated ebastine	name from Recon 2M.2
MNXM8728	Fuc13galacglcgal14acglcgalgluside hs	III3Fuc-nLc6Cer	name from Recon 2M.2
MNXM8779	Fucacngalacglcgalgluside hs	IV3-a-Neu5Ac,III4-a-Fuc-Lc4Cer	name from Recon 2M.2
MNXM8784	Ksi deg1	keratan sulfate I, degradation product 1	name from Recon 2M.2
MNXM8785	Ksi deg11	keratan sulfate I, degradation product 11	name from Recon 2M.2
MNXM8786	Ksi deg12	keratan sulfate I, degradation product 12	name from Recon 2M.2
MNXM8787	Ksi deg14	keratan sulfate I, degradation product 14	name from Recon 2M.2
MNXM8788	Ksi deg15	keratan sulfate I, degradation product 15	name from Recon 2M.2
MNXM8789	Ksi deg17	keratan sulfate I, degradation product 17	name from Recon 2M.2
MNXM8790	Ksi deg18	keratan sulfate I, degradation product 18	name from Recon 2M.2
MNXM8791	Ksi deg20	keratan sulfate I, degradation product 20	name from Recon 2M.2
MNXM8792	Ksi deg21	keratan sulfate I, degradation product 21	name from Recon 2M.2
MNXM8793	Ksi deg23	keratan sulfate I, degradation product 23	name from Recon 2M.2
MNXM8794	Ksi deg24	keratan sulfate I, degradation product 24	name from Recon 2M.2
MNXM8795	Ksi deg26	keratan sulfate I, degradation product 26	name from Recon 2M.2
MNXM8796	Ksi deg27	keratan sulfate I, degradation product 27	name from Recon 2M.2
MNXM8797	Ksi deg29	keratan sulfate I, degradation product 29	name from Recon 2M.2
MNXM8798	Ksi deg30	keratan sulfate I, degradation product 30	name from Recon 2M.2
MNXM8799	Ksi deg32	keratan sulfate I, degradation product 32	name from Recon 2M.2
MNXM8800	Ksi deg33	keratan sulfate I, degradation product 33	name from Recon 2M.2
MNXM8801	Ksi deg35	keratan sulfate I, degradation product 35	name from Recon 2M.2
MNXM8802	Ksi deg36	keratan sulfate I, degradation product 36	name from Recon 2M.2
MNXM8803	Ksi deg38	keratan sulfate I, degradation product 38	name from Recon 2M.2
MNXM8804	Ksi deg6	keratan sulfate I, degradation product 6	name from Recon 2M.2
MNXM8805	Ksi deg8	keratan sulfate I, degradation product 8	name from Recon 2M.2
MNXM8806	Ksi deg9	keratan sulfate I, degradation product 9	name from Recon 2M.2
MNXM8807	Ksii core2 deg3	keratan sulfate II (core 2-linked), degradation product 3	name from Recon 2M.2
MNXM8808	Ksii core2 deg6	keratan sulfate II (core 2-linked), degradation product 6	name from Recon 2M.2
MNXM8809	Ksii core2 deg8	keratan sulfate II (core 2-linked), degradation product 8	name from Recon 2M.2
MNXM8810	Ksii core4 deg3	keratan sulfate II (core 4-linked), degradation product 3	name from Recon 2M.2
MNXM8833	Fucgal14acglcgalgluside hs	Lacto-N-fucopentaosyl III ceramide	name from Recon 2M.2
MNXM8835	Fucfucgalacglcgalgluside hs	Leb glycolipid	name from Recon 2M.2
MNXM88382	sulfuric acid [4-(2-aminoethyl)phenyl] ester	Tyramine-O-sulfate	name from Recon 2M.2
MNXM8842	Lgnccrn	lignoceryl carnitine	name from Recon 2M.2
MNXM8844	Lneldc	linoelaidic acid (all trans C18:2)	name from Recon 2M.2
MNXM8851	Alpa hs	lysophosphatidic acid (homo sapiens)	name from Recon 2M.2
MNXM8930	N2m2nm	n2m2nmasn (w/o peptide linkage)	name from Recon 2M.2
MNXM8956	Odecrn	O-octadecenoylcarnitine	name from Recon 2M.2
MNXM8995	Ptdcacrn	pendtadenoyl carnitine	name from Recon 2M.2
MNXM9017	Pglyc hs	phosphatidylglycerol (homo sapiens)	name from Recon 2M.2
MNXM9023	Emgacpail hs	phosphoethanolaminyl-mannosyl-glucosylaminyl-acylphosphatidylinositol (H5)	name from Recon 2M.2
MNXM9024	Em3gacpail hs	phosphoethanolaminyl-trimannosyl-glucosaminyl-acylphosphatidylinositol (H6')	name from Recon 2M.2
MNXM90428	Pail34p hs	phosphatidylinositol-3,4-bisphosphate (Homo sapiens)	name from Recon 2M.2
MNXM90514	Pail3p hs	1-Phosphatidyl-1D-myo-inositol 3-phosphate (Homo sapiens)	name from Recon 2M.2
MNXM90540	Galgluside hs	galactosyl glucosyl ceramide	name from Recon 2M.2
MNXM90654	Pail345p hs	phosphatidylinositol-3,4,5-trisphosphate (Homo sapiens)	name from Recon 2M.2
MNXM9074	Rtotal2crn	R total 2 carnitine	name from Recon 2M.2
MNXM9075	Rtotal3crn	R total 3 carnitine	name from Recon 2M.2
MNXM9076	Rtotal3	R total 3 position	name from Recon 2M.2
MNXM9077	Rtotalcrn	R total carnitine	name from Recon 2M.2
MNXM9086	N2m2nmn	reducing GlcNAc removed form of n2m2nmasn (w/o peptide)	name from Recon 2M.2
MNXM9107	Acn13acngalgbside hs	sialyl (1,3) sialyl (2,6) galactosylgloboside (homo sapiens)	name from Recon 2M.2
MNXM9108	Acn23acngalgbside hs	sialyl (2,3) sialyl (2,6) galactosylgloboside (homo sapiens)	name from Recon 2M.2
MNXM9115	Spc hs	sphingosylphosphorylcholine (homo sapiens)	name from Recon 2M.2
MNXM91318	Thcrm hs	trihexosyl ceramide (homo sapiens)	name from Recon 2M.2
MNXM91342	Acglcgalgluside hs	(Gal)1 (Glc)1 (GlcNAc)1 (Cer)1	name from Recon 2M.2
MNXM9139	Tetpent3crn	tetracosapentaenoyl carnitine	name from Recon 2M.2
MNXM91405	3dpdhb	3-Decaprenyl-4,5-dihdydroxybenzoate	name from Recon 2M.2
MNXM9141	Tettet6crn	Tetracosatetraenoyl carnitine	name from Recon 2M.2
MNXM9158	Tmndnccrn	Timnodonyl carnitine	name from Recon 2M.2
MNXM91597	Ga2 hs	GA2 (homo sapiens)	name from Recon 2M.2
MNXM9170	Tag hs	triacylglycerol (homo sapiens)	name from Recon 2M.2
MNXM91823	Ak2gp hs	1-alkyl 2-acylglycerol 3-phosphate	name from Recon 2M.2
MNXM9197	Acgalfucgalacgalfucgalacglcgal14acglcgalgluside hs	Type IIIAb	name from Recon 2M.2
MNXM9221	Fucfuc132galacglcgal14acglcgalgluside hs	V3Fuc,III3Fuc-nLc6Cer	name from Recon 2M.2
MNXM92326	Ga1 hs	GA1 (homo sapiens)	name from Recon 2M.2
MNXM92361	Gm1a hs	GM1alpha (homo sapiens)	name from Recon 2M.2
MNXM92362	Gm2a hs	GM2alpha (homo sapiens)	name from Recon 2M.2
MNXM9241	Xser	Xyl-L-Ser (protein)	name from Recon 2M.2
MNXM9246	L2fn2m2masn	{[galactosyl-(1,4)-N-Acetyl-glucosaminyl-(1,2)-mannosyl-(1,3)-],[N-acetyl-glucosaminyl-(1,2)-mannosyl-(1,6)-]mannosyl-(1,4)-N-acetyl-glucosaminyl-(1,4)-[fucosyl-(1,6)]-N-acetyl-glucosaminyl}asparagine	name from Recon 2M.2
MNXM92716	LeuktrB4woh	w-hydroxyl leukotriene B4	name from Recon 2M.2
MNXM9347	N3m2masn	((N-acetyl-D-glucosaminyl)3-(alpha-D-mannosyl)2-beta-D-mannosyl-diacetylchitobiosyl)-L-asparagine (protein)	name from Recon 2M.2
MNXM9348	N4m2masn	((N-acetyl-D-glucosaminyl)4-(alpha-D-mannosyl)2-beta-D-mannosyl-diacetylchitobiosyl)-L-asparagine (protein)	name from Recon 2M.2
MNXM9440	G2m8mpdol U	(alpha-D-Glucosyl)2-(alpha-D-mannosyl)8-beta-D-mannosyl-diacetylchitobiosyldiphosphodolichol, human uterine homolog	name from Recon 2M.2
MNXM9442	G3m8mpdol U	(alpha-D-Glucosyl)3-(alpha-D-mannosyl)8-beta-D-mannosyl-diacetylchitobiosyldiphosphodolichol, human uterine homolog	name from Recon 2M.2
MNXM9444	M2mpdol U	(alpha-D-mannosyl)2-beta-D-mannosyl-diacetylchitobiosyldiphosphodolichol, human uterine homolog	name from Recon 2M.2
MNXM9446	M3mpdol U	(alpha-D-mannosyl)3-beta-D-mannosyl-diacetylchitodiphosphodolichol, human uterine homolog	name from Recon 2M.2
MNXM9449	M5mpdol U	(alpha-D-Mannosyl)5-beta-D-mannosyl-diacetylchitobiosyldiphosphodolichol, human uterine homolog	name from Recon 2M.2
MNXM9451	M6masnA	(alpha-D-mannosyl)6-beta-D-mannosyl-diacetylchitobiosyl-L-asparagine (protein)	name from Recon 2M.2
MNXM9453	M6mpdol U	(alpha-D-Mannosyl)6-beta-D-mannosyl-diacetylchitobiosyldiphosphodolichol, human uterine homolog	name from Recon 2M.2
MNXM9454	M7masnC	(alpha-D-mannosyl)7-beta-D-mannosyl-diacetylchitobiosyl-L-asparagine, isoform C (protein)	name from Recon 2M.2
MNXM9456	M7mpdol U	(alpha-D-Mannosyl)7-beta-D-mannosyl-diacetylchitobiosyldiphosphodolichol, human uterine homolog	name from Recon 2M.2
MNXM9458	M8mpdol U	(alpha-D-Mannosyl)8-beta-D-mannosyl-diacetylchitobiosyldiphosphodolichol, human uterine homolog	name from Recon 2M.2
MNXM9469	Acgalfuc12gal14acglcgalgluside hs	(Gal)2 (GalNAc)1 (Glc)1 (GlcNAc)1 (LFuc)1 (Cer)1	name from Recon 2M.2
MNXM5514	3-beta-D-Galactosyl-4-beta-D-galactosyl-O-beta-D-xylosylprotein	(Gal)2-Xyl-L-Ser (protein)	name from Recon 2M.2
MNXM9474	Fucfucgalacglcgal14acglcgalgluside hs	(Gal)3 (Glc)1 (GlcNAc)2 (LFuc)2 (Cer)1	name from Recon 2M.2
MNXM9475	Acglcgalacglcgal14acglcgalgluside hs	(Gal)3 (Glc)1 (GlcNAc)3 (Cer)1	name from Recon 2M.2
MNXM9476	Galacgalfucgalacglcgal14acglcgalgluside hs	(Gal)4 (GalNAc)1 (Glc)1 (GlcNAc)2 (LFuc)1 (Cer)1	name from Recon 2M.2
MNXM9477	Fucgalacgalfucgalacglcgal14acglcgalgluside hs	(Gal)4 (GalNAc)1 (Glc)1 (GlcNAc)2 (LFuc)2 (Cer)1	name from Recon 2M.2
MNXM9489	Nm2masn	(N-acetyl-D-glucosaminyl-(alpha-D-mannosyl)2-beta-D-mannosyl-diacetylchitobiosyl)-L-asparagine (protein)	name from Recon 2M.2
MNXM9490	Nm4masn	(N-acetyl-D-glucosaminyl-(alpha-D-mannosyl)4-beta-D-mannosyl-diacetylchitobiosyl)-L-asparagine (protein)	name from Recon 2M.2
MNXM9492	Em2emgacpail prot hs	(phosphoethanolaminyl-dimannosyl),(phosphoethanolaminyl)-mannosyl-glucosaminyl-acylphosphatidylinositol	name from Recon 2M.2
MNXM9493	Emem2gacpail hs	(phosphoethanolaminyl-mannosyl),(phosphoethanolaminyl)-dimannosyl-glucosaminyl-acylphosphatidylinositol (H7')	name from Recon 2M.2
MNXM9591	Ak2gpe hs	1-alkyl 2-acylglycerol 3-phosphoethanolamine	name from Recon 2M.2
MNXM9595	Akgp hs	1-alkylglycerol 3-phosphate (homo sapiens)	name from Recon 2M.2
MNXM9599	1a25dhvitd3	1-alpha,25-Dihydroxyvitamin D3	name from Recon 2M.2
MNXM97271	Thbpt4acam	Tetrahydrobiopterin-4a-carbinolamine	name from Recon 2M.2
MNXM9757	24nph	2,4 dihydroxy nitrophenol	name from Recon 2M.2
MNXM9802	2dpmhobq	2-Decaprenyl-3-methyl-5-hydroxy-6-methoxy-1,4-benzoquinone	name from Recon 2M.2
MNXM9803	2dp6mobq me	2-Decaprenyl-3-methyl-6-methoxy-1,4-benzoquinone	name from Recon 2M.2
MNXM9849	Kdn	2-keto-3-deoxy-D-glycero-D-galactononic acid	name from Recon 2M.2
MNXM9850	Kdnp	2-keto-3-deoxy-D-glycero-D-galactononic acid 9-phosphate	name from Recon 2M.2
